Product Name,Image Filename,Post Content
"AP Gun Cover","",""
"Graco AP Gun (with AR4242 Chamber) - 246101","",""
"Graco AP Gun (with AR5252 Chamber) - 246102","",""
"5 Pack Of Chambers - You pick the sizes","",""
"AR2929 (00) Mixing Chamber","",""
"AW3333 (00 Wide) Mixing Chamber","",""
"AW3939 (01 Wide) Mixing Chamber","",""
"AR4242 (01) Mixing Chamber","",""
"Graco AR4242 Chamber","",""
"AR4747 (1.5) Mixing Chamber","",""
"Graco AR4747 Chamber","",""
"AR5252 (02) Mixing Chamber","",""
"Graco AR5252 Chamber","",""
"AR6060 (03) Mixing Chamber","",""
"Air Cap - 15B210","",""
"AP Front Retainer Ring - 15B211","",""
"AP B Side Seal Cartridge Assembly - 246350","",""
"AP Front Housing Lock Ring - 15B215","",""
"Adjustable End Cap Assembly 25D632","",""
"A Side Check Valve Assembly - 246731","",""
"B Side Check Valve Assembly - 246352","",""
"AP Side Seals (2 Pack) - 246348-2","",""
"AP Side Seal (50 Pack) - 246348-50","",""
"Piston Stop - 15B205","",""
"Safety Stop Handle - 15B206","",""
"Cylinder End Cap - 15B204","",""
"Check Valve Screw - 15B214","",""
"Graco Grease Fitting - 100846","",""
"Graco Clean Off Air Valve - 15B223","",""
"Graco AP Grease Cover - 15B689","",""
"Graco AP Complete Manifold - 246012","",""
"Graco Fluid Manifold Plug - 100139","",""
"Graco AP Spring - 15B993","",""
"Graco Fluid Manifold Bolt -15B221","",""
"Graco 'A' Side Swivel - 117635","",""
"Graco 'B' Side Swivel - 117634","",""
"Graco Manifold Shutoff Valve - 246356G","",""
"Graco Lock Ring Spring - 116550","",""
"Graco AP Bare Fluid Housing - 246491G","",""
"Graco AP Handle - 15K365","",""
"Graco Air hose - 15B772","",""
"Graco AP Handle Plug - 100721","",""
"AP muffler - 119626C","",""
"Graco Muffler - 119626","",""
"Graco Trigger - 15B209","",""
"Trigger spring (10 Pack) - 117485-10","",""
"Graco Trigger Pin - 192272","",""
"Graco Trigger Pin Screw - 203953","",""
"Graco Trigger Washer - 15C480","",""
"Graco Large Air Piston - 15B203","",""
"Graco Trigger Piston (Spool Valve) - 15B202","",""
"Graco Air Valve Plug - 15B208","",""
"Graco Piston Stop - 15B205G","",""
"Graco Quick Disconnect Male - 117509","",""
"Graco Quick Disconnect Female - 117510","",""
"Graco Ball Valve - 15B565","",""
"Graco Safety Lock - 15B206G","",""
"Graco AP Extension Tip Air Cap - 248020","",""
"Graco AP Recirculation Manifold - 246362","",""
"Graco AR4242 Extension Tip - 248016","",""
"Graco AR5252 Extension Tip - 248017G","",""
"AP Complete Oring Kit - 246355","",""
"AP Side Seal O-ring (25 Pack) - 248128","",""
"Check Valve Body O-ring (25 Pack) - 248129","",""
"AP Cartridge Body O-ring (25 Pack) - 248130","",""
"AP Front Housing Oring (10 Pack) - 248131","",""
"AP Lock Ring Oring (10 Pack) - 248132","",""
"Check Valve Face O-ring (25 Pack) - 248133","",""
"Piston Sm O-ring (10 Pack) - 248134","",""
"Trigger Spring - 117485","",""
"Piston Lg O-ring (10 Pack) - 248135","",""
"End Cap O-ring (10 Pack) - 248136","",""